ID_Contrato,ID_Cliente,ID_Fornecedor,ID_Tipo_Contrato,Data_Início,Data_Término,Valor_Total,Status_Contrato,Saldo_Contrato
78792,27053,51416,1,2024-03-04,2025-04-29,179111.8,Pendente,40950.86
90710,26781,34918,1,2023-07-17,2026-07-16,464192.15,Pendente,126486.32
37810,45961,84646,2,2023-12-24,2025-02-05,126286.39,Pendente,65918.68
70062,36775,44303,3,2024-05-28,2025-08-24,442804.63,Pendente,145177.1
29050,4555,11254,1,2024-10-03,2025-05-18,134794.05,Ativo,53592.47
91577,17955,37413,4,2024-08-23,2025-03-19,211919.2,Pendente,163726.0
70825,31132,93666,4,2024-11-20,2025-03-10,348007.3,Encerrado,229275.03
59135,38692,32435,4,2024-08-08,2026-10-29,88425.84,Pendente,31288.32
83354,92950,99142,4,2023-12-28,2026-08-23,84655.42,Ativo,64489.43
44752,83109,68675,4,2023-10-01,2026-10-28,210098.24,Pendente,88275.77
18652,7293,22987,1,2023-09-25,2025-04-19,402229.73,Encerrado,366557.77
47175,94566,50768,5,2024-10-24,2025-04-06,414042.49,Pendente,270610.3
23506,71098,96394,1,2023-10-17,2026-10-24,310216.4,Ativo,297832.2
76728,44423,64698,3,2023-02-04,2026-07-19,395406.07,Ativo,309784.08
32251,96970,57225,4,2023-09-26,2025-06-10,254738.61,Ativo,233727.27
46661,83431,25030,5,2024-10-08,2025-03-08,56420.74,Ativo,32082.2
75969,64585,59086,3,2023-09-08,2025-02-24,55499.84,Ativo,42227.07
94781,78554,2843,1,2023-03-18,2026-12-01,80107.67,Ativo,64787.54
75807,9315,83694,3,2024-07-02,2026-05-27,72722.8,Pendente,52719.58
54574,97183,62440,2,2025-01-10,2026-05-26,99973.37,Pendente,23028.21
82261,83470,84793,4,2024-04-15,2025-07-06,182681.21,Pendente,67166.99
54009,47150,39865,4,2024-08-23,2025-11-18,157238.8,Encerrado,89106.03
44075,55523,48051,2,2024-07-09,2025-11-04,75235.28,Ativo,40261.49
74475,8170,18999,1,2023-02-27,2026-11-19,33393.48,Ativo,7662.04
85536,55676,86686,2,2024-06-28,2025-06-17,332392.48,Ativo,258313.34
22179,93028,24360,1,2023-05-01,2025-03-05,378846.89,Pendente,203331.07
92306,50878,8975,2,2024-09-16,2025-05-29,285755.49,Ativo,280846.36
21448,48485,97747,5,2024-09-03,2025-11-30,311215.24,Ativo,79256.84
25227,89130,30167,2,2023-03-12,2025-04-26,72560.43,Encerrado,63810.15
40018,33220,88525,4,2023-08-19,2025-07-07,448964.34,Ativo,68069.1
70140,54407,37189,4,2024-05-07,2025-11-09,489859.97,Pendente,478365.3
38779,28033,12369,4,2023-07-26,2026-11-17,403223.07,Pendente,310616.23
12216,38511,48087,1,2024-01-31,2026-07-28,448035.05,Pendente,126416.06
14839,97522,48086,1,2024-10-31,2026-08-13,312389.04,Ativo,270100.72
52047,55859,84483,3,2023-10-31,2025-07-31,337994.97,Ativo,239314.12
86272,63078,30853,4,2024-04-20,2026-02-03,154734.21,Encerrado,134473.37
84187,68899,46641,4,2024-10-06,2026-09-04,466186.09,Encerrado,460691.23
24198,23219,10173,2,2023-02-08,2026-03-19,375583.77,Pendente,207345.22
16434,20613,48278,1,2024-08-13,2026-02-07,103105.28,Encerrado,68871.72
27442,16894,46016,4,2024-04-21,2027-01-17,13891.06,Encerrado,2879.89
79653,10889,32423,4,2023-07-04,2026-04-24,286664.58,Ativo,105796.45
82104,75056,37253,4,2023-12-18,2025-03-01,198322.85,Ativo,110233.83
47923,88881,52877,1,2024-01-21,2025-11-27,427851.4,Encerrado,231689.34
29111,20492,97564,3,2023-07-09,2026-12-08,125210.59,Pendente,105069.17
77004,93239,81067,4,2024-05-16,2025-08-02,278968.87,Encerrado,88572.36
80751,66131,80993,4,2024-07-21,2025-12-21,47940.15,Encerrado,45391.87
63131,25222,60376,5,2023-02-19,2026-05-26,403069.2,Pendente,46235.83
30245,72986,47038,3,2023-11-13,2026-01-14,441008.03,Pendente,373509.91
68019,56800,2041,3,2023-08-09,2026-08-30,184658.59,Ativo,42034.25
50954,23373,29555,3,2023-06-29,2026-08-26,459401.69,Pendente,239855.3
57962,45055,41253,4,2024-05-03,2026-07-09,108577.29,Ativo,28345.01
59184,66858,60233,5,2024-01-11,2026-10-02,291103.65,Ativo,291056.99
61546,77707,85429,1,2023-03-21,2025-12-11,241549.04,Encerrado,226930.06
67546,74935,56443,2,2023-06-18,2026-02-17,395486.93,Encerrado,144604.7
84753,48174,6255,1,2024-09-30,2026-07-08,86483.86,Pendente,41676.8
83251,21008,95784,2,2023-02-08,2025-07-08,485682.5,Pendente,125777.81
90530,25095,34257,4,2023-05-16,2025-07-16,442508.11,Encerrado,184385.08
65647,78780,53803,2,2023-08-18,2026-01-29,19590.44,Pendente,14214.89
58059,25535,12558,4,2024-12-15,2026-09-09,286615.09,Ativo,257628.18
98175,79126,38033,2,2023-07-28,2026-02-14,193847.65,Ativo,176630.64
31917,94784,93572,4,2023-04-10,2026-05-30,258529.88,Encerrado,65875.44
42799,48037,85198,2,2023-11-28,2026-01-08,382953.42,Ativo,325836.3
15672,50120,36776,3,2024-04-29,2026-08-07,16993.79,Encerrado,5989.33
10539,52211,57647,2,2024-01-03,2026-03-24,385320.9,Pendente,247986.32
86702,79395,57112,2,2024-12-28,2026-08-26,270103.08,Pendente,231803.52
49252,41962,8385,3,2024-11-06,2026-04-13,362598.01,Encerrado,75161.11
80280,78589,7274,4,2024-11-07,2025-05-10,28323.72,Encerrado,19117.08
90143,78116,5155,1,2024-08-07,2026-10-15,120987.52,Ativo,57544.83
74503,9833,40050,2,2024-03-23,2026-11-04,403863.21,Pendente,144447.77
50176,71112,82524,1,2024-04-20,2026-07-21,185332.86,Encerrado,165644.78
25343,83305,35032,5,2025-01-16,2026-07-07,281725.6,Pendente,219053.42
74713,58565,10084,2,2023-06-26,2025-09-29,346795.85,Pendente,118911.25
50319,24673,72971,1,2023-05-05,2026-12-08,273116.02,Pendente,127703.1
35771,99655,87669,1,2023-08-03,2026-12-20,82316.98,Ativo,18163.75
67181,23189,8803,2,2024-08-31,2026-05-24,122480.53,Pendente,61648.87
41221,80817,17200,1,2023-03-22,2025-08-23,75423.64,Encerrado,51792.6
58656,37130,53149,4,2024-11-04,2025-08-21,471877.39,Encerrado,383373.14
20841,27438,4509,1,2023-11-30,2025-04-05,317468.74,Ativo,69055.34
56256,49299,45828,1,2025-01-25,2025-08-07,230556.86,Encerrado,53320.72
33808,14221,1346,4,2024-09-06,2026-09-18,231742.46,Pendente,80453.54
82637,13389,79422,5,2024-09-03,2025-02-12,421088.09,Ativo,246486.1
79685,45039,44048,3,2023-07-15,2025-06-19,55329.12,Encerrado,42440.13
98972,86874,74365,5,2023-09-17,2025-09-15,11693.33,Ativo,7887.65
53485,51401,93782,2,2023-12-02,2025-08-14,409106.32,Encerrado,373821.54
82240,30333,12964,3,2024-02-12,2026-04-27,239712.14,Ativo,71065.91
66450,91008,15014,1,2023-07-15,2025-08-23,62057.71,Ativo,55702.79
73766,69378,37253,2,2023-08-23,2026-03-12,78007.54,Encerrado,75298.57
81181,52849,6101,1,2024-01-22,2026-08-22,86176.1,Encerrado,74409.15
42748,54128,88052,3,2024-06-19,2025-10-08,244175.44,Encerrado,134799.91
39507,50536,62203,5,2023-02-06,2025-03-14,265805.91,Pendente,215868.84
12874,25031,44586,4,2024-04-29,2026-07-21,90722.34,Encerrado,46194.17
42682,16360,2660,3,2024-09-17,2027-01-13,432652.27,Pendente,253498.2
88658,56496,99455,5,2023-04-05,2026-10-08,221601.62,Encerrado,48372.65
60695,33655,75306,3,2023-12-15,2026-08-28,74829.39,Encerrado,67559.73
71849,90800,29021,2,2023-03-19,2026-03-24,103656.17,Pendente,75351.52
85921,94745,32901,1,2024-09-26,2025-12-09,419703.44,Encerrado,401948.24
19429,40685,8859,1,2023-12-09,2025-12-09,235048.73,Pendente,88516.68
96639,3408,14969,2,2023-02-18,2025-08-28,460914.04,Encerrado,400132.55
39249,52761,67367,1,2024-06-14,2025-05-07,490394.48,Encerrado,377658.95
35504,81035,81463,2,2023-05-08,2025-06-20,467776.22,Pendente,195118.84
28674,38540,68973,2,2024-11-19,2026-05-27,267704.94,Ativo,193381.9
52642,5791,66932,3,2024-02-04,2026-04-12,221667.85,Ativo,164719.41
67981,5668,73910,4,2024-06-10,2025-10-23,121429.5,Encerrado,37663.71
55324,97712,79366,3,2024-06-01,2027-01-27,472221.07,Ativo,413136.64
54714,2216,34817,3,2024-01-11,2026-07-14,265178.06,Ativo,147212.2
55835,82087,1404,5,2023-08-25,2026-11-14,29090.77,Ativo,13010.89
26702,6707,45780,5,2024-07-19,2025-08-06,225935.21,Ativo,116114.08
25356,10150,2660,3,2024-07-02,2027-01-02,55495.39,Ativo,19115.7
77274,9703,53159,3,2024-04-08,2026-08-24,256530.62,Pendente,117362.16
61684,30767,64710,3,2023-07-19,2026-01-08,319325.73,Ativo,261853.95
55966,31295,50896,2,2023-02-09,2026-06-13,220603.26,Ativo,194591.15
35581,10889,44592,2,2024-02-24,2026-03-06,444902.95,Encerrado,324411.72
17100,79939,5155,5,2024-04-07,2026-03-09,245092.82,Encerrado,224234.62
29789,47803,4391,5,2024-04-23,2025-11-04,318111.79,Ativo,104022.43
19908,34816,28456,3,2024-03-15,2026-06-03,442724.71,Encerrado,223828.35
72452,69697,90399,4,2025-01-06,2026-11-01,370129.24,Ativo,274937.81
42733,11253,32032,3,2024-03-19,2025-07-08,292013.96,Encerrado,288811.37
79891,2811,6985,3,2024-06-27,2025-09-26,70849.62,Ativo,23735.92
88414,17540,12566,2,2024-05-25,2026-10-15,356290.6,Encerrado,61093.92
68540,95795,60149,1,2023-03-07,2025-12-13,427268.01,Ativo,304447.97
38482,15317,35739,5,2024-03-10,2025-05-01,128776.47,Pendente,110742.39
23220,9127,76283,3,2023-10-12,2026-02-05,79566.4,Ativo,8647.66
61248,72215,75017,5,2023-12-19,2025-11-23,470144.14,Ativo,241007.27
52167,42864,12854,3,2023-05-29,2026-11-07,66645.3,Ativo,37545.95
68610,59493,27982,5,2023-08-09,2026-08-20,155069.16,Pendente,66909.71
26483,58857,55316,3,2023-04-18,2026-07-05,281955.18,Pendente,239979.95
78600,7815,82296,5,2023-12-18,2026-03-03,450094.96,Ativo,309867.95
17855,61967,13493,1,2023-07-10,2026-04-21,311375.51,Pendente,296376.99
92357,27531,87509,3,2025-01-21,2025-06-07,372482.57,Pendente,66193.92
44964,8485,61084,3,2023-11-12,2026-10-09,469029.7,Pendente,226187.25
18345,67250,48086,2,2024-03-05,2026-12-16,16629.34,Ativo,2008.04
77865,97345,58339,5,2023-04-18,2025-11-08,101120.33,Encerrado,39659.82
74117,54269,62811,1,2023-10-19,2027-01-18,173585.87,Pendente,54548.76
26866,9726,50690,4,2023-03-18,2025-07-29,57797.51,Encerrado,17852.0
33417,99914,53803,3,2024-03-22,2026-06-24,63430.79,Pendente,9872.05
50423,47722,48754,4,2024-01-17,2025-06-21,37538.6,Encerrado,32891.6
10078,96198,24133,1,2023-03-07,2026-01-10,124871.16,Ativo,48501.74
42090,21370,65576,5,2023-05-25,2026-09-08,19804.67,Encerrado,3775.75
15692,93508,15923,4,2024-02-12,2026-06-25,466850.39,Encerrado,237530.6
73634,84307,95484,4,2024-07-28,2026-09-16,297102.73,Encerrado,170721.99
19348,90471,19431,1,2023-05-26,2025-06-10,33842.97,Encerrado,20520.07
50091,48130,82185,4,2023-02-27,2025-12-28,221155.72,Encerrado,47701.39
92218,19073,93782,3,2023-12-21,2026-02-02,405938.91,Pendente,400389.84
81710,17014,58345,5,2024-11-10,2025-02-28,260594.91,Ativo,111610.01
55542,97570,13822,2,2023-09-05,2026-12-31,386493.27,Ativo,69365.44
15024,45699,48612,2,2024-04-21,2026-01-14,421944.52,Encerrado,228342.75
67319,11634,52992,4,2024-10-26,2025-06-09,479816.51,Encerrado,293972.49
78460,95068,94398,2,2023-08-06,2025-04-11,278035.32,Pendente,68885.34
80486,39100,87533,5,2023-02-26,2026-08-24,48768.01,Ativo,29280.94
12748,32984,24596,1,2023-07-30,2026-10-16,485356.2,Encerrado,256758.97
87816,25681,36159,1,2024-01-09,2025-10-30,38657.84,Pendente,33376.27
66266,64456,78461,4,2024-11-13,2027-01-30,384809.34,Encerrado,119140.35
92364,14114,98168,3,2023-04-15,2026-08-01,195877.47,Ativo,58370.18
92028,12054,24274,4,2023-07-10,2025-10-09,323397.58,Ativo,295832.8
43116,95561,10207,5,2024-07-24,2025-11-19,310279.13,Ativo,241150.3
63262,36506,10084,3,2023-03-20,2026-06-07,116071.93,Ativo,91614.86
99360,84018,48754,2,2023-07-14,2025-11-19,499264.14,Ativo,58262.9
24241,18150,89704,3,2023-02-03,2025-07-22,457992.45,Pendente,378439.56
12524,43086,44607,3,2024-08-26,2025-07-17,314363.99,Pendente,145455.23
49242,13509,91943,3,2024-06-18,2025-06-17,410767.67,Pendente,394641.49
35540,87192,61370,1,2023-08-07,2026-08-23,230661.71,Pendente,44578.97
82737,70069,64356,2,2023-12-28,2026-07-09,29533.4,Pendente,5412.89
24277,72883,51129,4,2023-11-18,2026-06-16,475601.62,Encerrado,214917.98
16997,30063,68203,5,2024-12-25,2026-02-13,451304.62,Ativo,115594.67
48843,62465,89271,1,2024-04-20,2026-09-30,88953.31,Ativo,61369.89
47295,98516,26513,4,2023-08-11,2025-09-27,237486.42,Encerrado,105956.7
67148,23431,79448,1,2023-06-23,2026-06-08,317530.89,Encerrado,42185.01
87707,54894,8385,3,2024-05-21,2026-04-17,133194.85,Ativo,68099.39
39441,22706,94567,1,2023-09-17,2026-11-30,146599.92,Encerrado,138154.63
71780,27790,4324,3,2024-10-04,2025-05-21,339207.2,Pendente,80795.38
24135,30846,78584,5,2024-08-19,2026-10-17,120240.45,Pendente,33080.23
12384,49526,19069,3,2024-03-30,2025-03-28,163458.93,Encerrado,53589.08
30839,53856,9794,1,2024-05-15,2026-12-29,243776.85,Pendente,183469.82
52849,33088,34616,4,2023-08-10,2025-08-05,339413.09,Pendente,282370.37
15892,51509,62440,2,2024-02-04,2025-04-26,484044.51,Ativo,198853.54
47623,99604,57647,2,2023-06-19,2025-06-09,43346.59,Encerrado,18634.31
39200,20657,51450,2,2023-05-02,2026-11-11,428410.9,Encerrado,390010.23
63932,65303,46641,2,2024-08-25,2026-05-27,188420.77,Ativo,155724.8
41536,38822,3404,1,2023-08-20,2025-03-30,424548.54,Encerrado,149808.49
34770,26596,34618,5,2024-05-08,2026-11-06,236754.52,Encerrado,146139.09
34482,33404,46197,4,2023-09-24,2026-11-04,61392.3,Ativo,31387.3
41989,39723,55910,5,2023-06-12,2026-06-22,339877.96,Ativo,75956.65
19494,7673,49732,5,2024-09-10,2025-09-11,62155.73,Pendente,49863.58
23606,33003,64095,2,2023-12-29,2025-02-04,271898.18,Ativo,118204.7
24445,79862,40279,5,2023-07-19,2026-07-15,483116.38,Encerrado,245998.85
44812,5136,64356,5,2024-07-05,2026-02-02,407913.87,Ativo,246953.76
50443,97504,32604,3,2023-06-02,2025-03-24,124435.69,Pendente,57272.68
92487,78210,52788,3,2023-10-16,2026-11-24,247569.76,Encerrado,65660.31
21176,51273,20828,2,2023-07-03,2026-08-23,402046.91,Ativo,175488.09
48966,57417,33548,4,2023-11-29,2026-02-06,232906.81,Ativo,148865.91
37658,91400,33529,3,2023-08-25,2026-11-09,133119.69,Pendente,108796.6
85151,6394,99281,1,2024-09-27,2026-10-30,386627.31,Encerrado,224021.87
38266,46996,1924,1,2023-03-26,2026-04-14,159381.39,Pendente,48910.96
67330,1311,64356,5,2023-02-21,2025-08-11,265648.19,Pendente,127506.66
86384,30620,47455,1,2024-09-13,2025-11-29,262210.07,Ativo,56762.38
91753,29747,65549,1,2025-01-04,2026-04-23,415804.89,Ativo,72150.72
37096,73221,4189,4,2024-04-25,2026-04-24,266448.23,Encerrado,224797.67
32946,27938,50768,1,2023-03-02,2025-11-15,256921.17,Ativo,36448.18
25548,77386,44196,2,2024-09-03,2026-05-26,114407.71,Ativo,113105.94
96811,36811,57864,3,2024-11-12,2026-01-29,198717.05,Ativo,151367.89
45756,83165,8207,3,2024-05-10,2026-01-19,165227.76,Pendente,83800.64
34839,56841,59650,2,2025-01-22,2025-06-17,322728.5,Ativo,321307.67
76152,54591,99441,1,2024-05-13,2026-04-02,176497.49,Encerrado,155953.5
26155,1547,82296,4,2023-02-24,2025-09-21,126707.2,Encerrado,109196.33
69931,23569,4189,1,2024-09-13,2025-06-23,428445.01,Encerrado,66951.82
60891,41265,52542,2,2024-03-04,2025-10-21,59521.97,Ativo,29891.51
66707,25653,14749,2,2023-11-15,2025-07-05,315112.57,Ativo,180554.99
41400,96531,62908,2,2023-09-01,2026-05-13,296250.15,Pendente,235261.72
43102,84632,55910,2,2024-10-24,2026-02-22,243881.23,Pendente,165917.45
44667,88348,1974,5,2023-10-26,2025-04-28,88100.96,Pendente,36516.62
26173,17076,91987,5,2023-04-30,2026-10-12,373991.89,Ativo,237360.15
43493,71414,15923,3,2023-06-18,2025-05-31,126730.2,Ativo,105640.34
77919,70907,79850,3,2025-01-22,2025-02-28,302066.79,Ativo,149141.34
13377,71044,78402,3,2024-01-29,2026-01-11,43292.36,Encerrado,25957.32
11354,64140,70311,4,2023-07-02,2026-05-19,414660.31,Encerrado,218666.41
66008,19179,75926,5,2025-01-26,2026-12-15,279377.07,Encerrado,157063.68
61176,14696,16107,5,2023-09-25,2025-11-28,478477.83,Encerrado,453097.54
16785,55548,89651,1,2024-10-29,2026-07-03,314403.33,Ativo,89295.12
26514,79868,35921,2,2023-11-28,2026-04-26,329863.44,Pendente,68933.23
91516,51979,21960,2,2024-08-01,2026-12-24,428517.86,Encerrado,253905.89
58703,96080,36004,1,2023-11-05,2025-07-24,103347.08,Ativo,97905.81
88987,91438,44553,3,2024-11-23,2026-10-15,25464.05,Ativo,4032.95
50281,47029,58176,2,2024-06-24,2026-11-23,173728.06,Ativo,25214.62
55298,71839,14485,1,2023-09-20,2025-08-03,129431.15,Encerrado,83189.47
81543,17541,56556,1,2024-11-15,2026-07-26,178495.07,Encerrado,80187.23
17441,15927,73030,5,2024-03-31,2025-09-09,335612.02,Ativo,100452.44
46412,36285,77953,5,2023-08-10,2025-11-05,419193.27,Encerrado,224490.76
65280,65278,30805,4,2024-05-04,2026-11-08,98973.57,Encerrado,45673.14
54903,40204,87130,3,2024-04-11,2026-08-24,121625.56,Pendente,117821.02
87425,80910,84990,2,2024-05-17,2026-02-22,280057.73,Encerrado,276633.92
26464,23263,26825,3,2023-07-27,2026-07-07,316658.26,Ativo,72925.59
88400,3903,91048,3,2025-01-15,2026-02-25,395559.08,Ativo,71051.38
96462,44492,78461,5,2023-03-23,2025-06-12,219819.14,Pendente,199785.71
32752,23904,23857,1,2023-09-03,2025-06-08,369819.64,Pendente,54283.13
59536,93642,44581,2,2023-11-18,2025-08-07,12156.13,Ativo,1827.66
17387,96423,16107,4,2024-02-23,2026-09-22,432565.51,Pendente,357379.03
34240,89615,2567,1,2024-04-16,2026-10-25,400129.18,Ativo,231524.42
29322,57665,87823,2,2023-06-18,2026-10-02,325559.94,Pendente,153668.03
20905,62920,57594,5,2024-02-08,2025-09-17,321663.89,Encerrado,90528.76
91910,41156,8803,3,2024-12-20,2027-01-09,497125.16,Pendente,251861.02
73940,99359,89791,5,2024-12-17,2026-01-03,95903.9,Ativo,18790.7
66031,41880,14536,4,2023-10-01,2026-12-07,457946.22,Encerrado,178394.01
58767,25474,81749,3,2024-05-03,2025-06-25,165305.37,Encerrado,132427.84
28694,56008,37455,4,2023-06-29,2025-12-05,305568.68,Pendente,261075.04
41696,71311,22366,3,2024-06-01,2025-04-12,93613.87,Pendente,16463.83
77576,67641,37188,1,2023-06-30,2025-12-21,63650.74,Pendente,43245.05
80098,84152,51622,4,2024-05-04,2026-01-07,44681.87,Pendente,38256.43
81112,13706,89307,3,2023-04-10,2025-04-20,359042.02,Encerrado,321481.44
91006,69527,2987,2,2023-11-03,2025-09-16,398702.31,Encerrado,215629.65
58837,57848,44048,4,2023-10-29,2026-06-19,34091.56,Ativo,17697.92
67491,84185,89298,5,2024-12-28,2026-03-18,182976.81,Ativo,130008.94
50976,18867,44607,3,2024-02-06,2026-10-24,493792.87,Ativo,374633.86
93744,73089,47552,4,2023-08-29,2025-08-19,276398.55,Pendente,244126.34
51891,90499,98613,1,2024-11-28,2026-03-29,15438.62,Pendente,5355.58
89127,86799,8207,3,2024-02-11,2026-02-11,240491.0,Encerrado,236187.18
73669,82353,79116,3,2024-10-19,2026-11-20,207526.98,Ativo,181857.45
57552,10414,77953,5,2024-02-24,2026-12-07,266608.53,Pendente,40821.15
42921,99875,62827,2,2024-11-09,2025-09-06,95072.32,Pendente,77150.55
95907,63677,26479,4,2024-08-10,2025-04-25,200464.35,Ativo,158287.56
21985,88026,68283,5,2023-08-28,2025-09-02,324728.61,Pendente,158874.09
21752,5288,69540,3,2024-09-27,2025-09-01,272318.17,Encerrado,80630.98
99682,9703,16528,2,2024-01-02,2025-02-22,51812.1,Encerrado,19587.69
77377,24912,83975,3,2023-11-23,2026-12-27,369872.5,Pendente,210106.28
69522,78595,59569,5,2024-02-03,2026-11-23,399905.91,Encerrado,308737.3
28368,47103,65020,2,2024-01-29,2025-07-28,330137.72,Encerrado,172052.55
86676,48132,2843,4,2023-03-03,2025-06-30,293198.14,Encerrado,30461.2
72398,15798,26522,2,2024-02-21,2025-02-08,269588.28,Pendente,217803.56
53342,27909,90229,3,2024-09-07,2025-07-08,335287.41,Encerrado,96167.79
82309,62836,59663,3,2024-04-03,2025-05-25,290740.31,Encerrado,164198.16
67534,45812,63070,2,2023-12-12,2025-03-12,488051.63,Pendente,110862.68
71753,59860,63482,5,2023-04-13,2025-04-15,144352.92,Pendente,107388.01
97416,34808,1974,3,2023-02-09,2026-10-02,293266.31,Pendente,69830.68
10450,94327,54568,3,2024-09-22,2026-11-06,457245.5,Ativo,276394.25
83706,48423,82415,3,2024-04-07,2025-04-24,439379.25,Encerrado,379623.7
45969,96802,95016,4,2023-03-24,2025-09-27,153594.75,Encerrado,114438.91
10828,74821,57036,4,2024-01-14,2026-03-07,23971.52,Encerrado,3028.28
81591,21089,18332,5,2023-07-07,2025-12-25,488607.53,Encerrado,473405.2
62381,49460,92959,5,2024-06-25,2025-05-05,345206.46,Encerrado,206181.48
64285,29918,90255,4,2024-11-20,2025-12-22,62804.66,Encerrado,56366.95
93085,75873,77188,4,2024-10-23,2026-01-18,379066.32,Ativo,372344.29
44793,72961,16479,2,2023-08-28,2025-10-20,416310.28,Ativo,171440.12
49527,85527,47151,2,2023-03-22,2025-04-25,12371.72,Pendente,5001.88
87815,42164,21737,5,2024-12-12,2026-12-22,74782.86,Ativo,37560.07
45352,19060,2368,4,2024-01-25,2026-11-10,258649.29,Pendente,128098.3
93532,96302,62011,5,2024-11-28,2026-08-29,239341.23,Pendente,129144.83
68219,12648,77557,4,2024-12-25,2026-07-26,233470.07,Encerrado,169991.36
25631,48289,25403,5,2023-05-12,2025-11-22,492637.42,Ativo,83105.27
90647,50938,70210,1,2023-08-27,2025-08-24,409201.73,Encerrado,234933.87
45215,41817,21558,3,2024-12-08,2026-02-02,308488.99,Pendente,108893.91
37575,9752,7154,1,2023-08-03,2026-02-20,353090.35,Ativo,162457.48
36175,73938,2277,3,2023-05-20,2025-04-06,486527.05,Ativo,378817.82
55187,18083,66484,3,2023-12-09,2025-02-02,138847.45,Encerrado,134637.37
29724,60156,27877,5,2024-09-13,2025-08-23,295238.18,Ativo,156153.26
85742,13092,77953,4,2023-05-29,2026-12-18,304514.97,Encerrado,249172.73
53075,61116,96428,4,2024-08-27,2025-04-08,388328.47,Pendente,299199.28
54847,56749,59650,2,2023-12-04,2025-12-17,373751.21,Pendente,281699.15
23288,44370,46016,5,2024-06-24,2026-09-16,35553.34,Ativo,12786.42
25829,61325,76604,2,2023-11-22,2025-03-20,274657.75,Encerrado,58642.65
73384,60086,85955,3,2024-01-14,2026-11-26,454676.48,Encerrado,152298.59
17181,34076,70912,5,2024-04-28,2026-08-31,15751.89,Ativo,9521.19
42132,14802,25851,2,2023-06-21,2025-04-01,249080.71,Encerrado,34378.18
32824,11880,48511,4,2024-09-17,2025-06-06,300288.03,Pendente,77415.34
70072,14881,83975,2,2024-01-04,2026-06-30,416897.19,Pendente,376875.42
97490,58224,77324,4,2023-11-25,2026-09-22,139066.41,Encerrado,130787.38
21533,23718,44611,2,2024-09-10,2026-08-17,64972.83,Pendente,52866.49
42343,39837,77819,5,2023-10-21,2025-11-12,304565.35,Pendente,258806.16
85355,51399,46796,4,2023-02-09,2026-03-17,492168.45,Encerrado,270884.53
15915,93574,43778,4,2023-12-01,2026-01-16,108399.43,Encerrado,22011.7
42456,83490,32901,5,2024-08-10,2026-02-23,205750.52,Pendente,97821.46
60610,21485,78584,1,2024-09-18,2025-08-28,102661.74,Encerrado,10775.4
86380,95325,98157,2,2023-10-24,2026-11-12,483780.94,Ativo,297992.44
63992,49601,9393,3,2024-03-27,2026-01-25,367677.62,Ativo,54525.14
49323,99336,77671,1,2023-08-08,2026-09-12,347478.98,Pendente,39444.06
39337,69638,98106,2,2023-03-12,2025-09-09,463119.73,Pendente,146000.83
65070,37861,91714,5,2024-04-06,2026-07-02,58427.14,Pendente,40865.67
29437,87080,3296,1,2024-08-23,2026-04-21,494977.45,Pendente,213587.57
75124,63003,1346,1,2023-06-21,2026-03-12,376780.63,Pendente,287741.68
29242,62740,2041,2,2024-11-08,2026-04-24,422638.44,Pendente,130296.12
42889,66954,98776,5,2023-12-30,2026-04-10,254344.3,Ativo,180038.77
73576,57619,61041,2,2024-01-01,2026-11-19,208118.64,Pendente,127122.95
11547,46554,56713,3,2024-04-07,2026-02-06,373375.51,Pendente,113831.11
33443,83631,28543,5,2024-04-05,2025-11-02,257135.31,Pendente,203711.6
78660,18613,12302,3,2024-08-25,2026-02-11,141381.89,Pendente,87897.51
83207,93725,73094,4,2024-10-14,2025-02-02,422457.97,Pendente,382615.43
71516,66310,82373,1,2024-06-03,2026-04-15,16247.27,Pendente,10869.99
98182,85020,41253,1,2023-12-28,2026-06-11,203990.51,Pendente,178019.95
33938,27579,54731,2,2024-08-27,2026-12-05,489504.27,Pendente,212082.55
29607,3297,94871,1,2024-10-31,2026-12-15,217726.89,Ativo,39894.33
80509,77129,2029,3,2023-05-16,2025-09-15,46295.74,Ativo,31492.15
58933,77132,32901,2,2024-05-04,2026-11-12,288303.75,Pendente,232576.69
29173,20322,68405,4,2025-01-30,2026-05-16,460451.54,Pendente,268320.81
67143,97586,24596,5,2024-04-24,2026-06-17,146594.9,Encerrado,28133.53
77117,56527,5929,3,2023-12-29,2026-12-23,261008.19,Ativo,63710.96
68449,56741,58819,5,2023-05-30,2026-10-29,456884.72,Encerrado,314276.05
66013,8098,95484,4,2024-07-29,2026-08-13,375577.66,Ativo,317363.85
67848,39294,42354,5,2025-01-18,2025-06-26,113646.06,Encerrado,83705.48
57086,76154,10623,5,2024-04-27,2025-05-29,349744.38,Pendente,218712.64
56942,68246,65238,5,2023-05-27,2026-06-10,338100.56,Pendente,278446.86
58294,96031,5686,2,2023-03-31,2025-08-09,188787.76,Encerrado,36637.34
56308,35967,50980,3,2024-05-23,2027-01-25,150985.85,Ativo,128588.01
83459,21445,89791,5,2024-10-03,2026-02-18,234995.66,Encerrado,43086.69
90266,46861,22618,1,2024-03-08,2025-06-22,77558.51,Pendente,60497.52
77463,36428,48511,1,2024-10-24,2026-10-24,128055.38,Encerrado,61996.7
81131,83031,53462,4,2025-01-22,2026-12-08,167088.78,Ativo,65654.5
70090,15122,70101,5,2024-12-27,2025-08-15,313806.02,Encerrado,191653.26
66378,44413,98604,5,2024-01-22,2025-10-20,495977.87,Ativo,65379.87
19617,69088,31445,4,2024-12-02,2025-06-15,450393.98,Encerrado,163952.55
86088,39391,14277,1,2024-07-12,2026-10-29,130212.46,Encerrado,17740.73
79313,94327,10627,2,2024-09-25,2026-11-25,113951.61,Encerrado,53606.93
24806,57297,35032,3,2024-07-08,2026-11-09,327482.28,Ativo,99982.06
84283,22398,44553,4,2023-10-28,2025-05-24,432950.65,Pendente,292163.66
94197,77390,33207,3,2024-01-22,2025-08-29,83563.01,Ativo,11761.32
66005,76331,48010,1,2024-05-09,2025-11-12,443849.46,Ativo,212650.59
74325,5343,74114,2,2023-07-14,2026-07-15,407318.07,Pendente,175195.94
89290,71257,15507,4,2024-01-18,2026-09-19,40569.23,Pendente,33626.52
10904,15988,34285,2,2024-12-29,2026-11-16,487423.12,Encerrado,72961.59
55650,50770,47151,5,2023-06-05,2026-11-28,366241.51,Ativo,230351.56
90306,66099,83728,5,2023-08-07,2026-04-18,381757.87,Pendente,183836.38
49924,42937,77290,3,2024-12-09,2026-02-11,393946.23,Encerrado,337028.04
12855,52112,85657,1,2023-05-01,2027-01-01,133669.09,Pendente,46597.21
92882,3228,11106,4,2024-08-08,2026-06-02,240321.23,Ativo,42742.7
44929,37000,80197,2,2024-06-10,2025-02-18,121172.9,Encerrado,15393.49
64100,5872,80264,4,2024-04-28,2026-07-18,298093.87,Encerrado,209610.15
24615,59996,30805,5,2024-02-24,2025-06-05,498663.28,Pendente,370781.05
14838,18516,85169,5,2023-09-24,2026-03-03,172889.04,Pendente,116304.83
13833,93001,28964,1,2024-10-20,2025-03-20,128629.4,Encerrado,100273.95
49399,9159,25943,4,2024-01-11,2025-11-09,251726.97,Encerrado,54368.99
48611,19111,1284,1,2023-08-15,2025-10-03,414952.01,Pendente,126431.65
19977,82445,43504,3,2023-09-30,2026-06-25,425101.84,Pendente,71419.89
71225,34233,61370,4,2024-08-25,2026-04-28,485292.25,Encerrado,270000.91
27249,51422,40975,5,2025-01-17,2026-06-12,328074.57,Encerrado,132828.02
55913,68316,2074,4,2025-01-04,2026-02-13,27552.51,Pendente,9291.52
58154,49406,67462,4,2023-10-27,2026-08-06,300653.49,Ativo,199969.14
36972,94486,39107,1,2024-10-17,2025-12-11,60661.91,Encerrado,57125.19
41109,14927,10221,1,2023-05-14,2025-08-11,219391.43,Ativo,85828.76
23255,78687,93995,1,2024-03-22,2025-07-28,184638.05,Ativo,32038.12
60999,79136,90345,3,2024-10-04,2025-06-09,321075.93,Pendente,119475.91
40662,49100,89298,2,2024-05-12,2026-04-24,164982.71,Ativo,53197.98
66648,67334,8686,1,2024-10-12,2025-11-01,190803.27,Ativo,159239.42
75440,46255,62908,1,2023-09-04,2026-12-28,338509.24,Ativo,78826.96
50452,75633,39681,1,2024-12-30,2026-05-11,330691.9,Encerrado,63872.05
29894,91535,43621,3,2023-05-31,2026-01-22,113742.78,Ativo,97200.69
58156,21320,92027,5,2023-11-29,2025-05-13,59845.31,Ativo,37969.11
89394,60621,43778,2,2024-12-18,2026-05-26,136599.66,Pendente,14987.89
24005,17172,51294,3,2024-03-03,2026-01-03,349292.86,Encerrado,116220.39
53941,38101,64060,1,2023-08-11,2026-09-27,426602.26,Encerrado,318356.26
64571,61965,93628,5,2024-01-08,2026-09-07,181969.67,Ativo,66259.42
36512,12994,45112,3,2023-06-22,2025-07-10,436223.36,Pendente,231996.37
51395,56145,85429,5,2025-01-11,2025-05-22,283559.95,Ativo,163904.37
80936,25746,10627,5,2024-08-30,2026-11-22,235785.81,Encerrado,176197.47
66586,57778,81067,3,2023-03-16,2025-06-24,20713.43,Encerrado,13738.39
55140,5942,62208,2,2023-09-18,2026-02-21,429906.62,Encerrado,418442.85
73313,72883,91834,3,2024-01-22,2025-10-24,360594.74,Pendente,278958.1
27368,46141,80993,3,2024-05-10,2026-07-03,16252.08,Ativo,11106.39
39083,21452,67285,2,2023-02-17,2026-10-19,150428.78,Encerrado,82375.8
81212,29076,55281,5,2023-07-23,2026-04-19,455052.75,Ativo,363910.02
81455,25302,97133,5,2024-10-14,2026-07-03,336558.33,Encerrado,263499.02
87278,3231,53136,3,2024-05-31,2025-03-30,173323.21,Pendente,94561.36
39802,21993,40016,5,2024-08-17,2026-09-02,93102.69,Ativo,13533.4
39489,83830,32032,1,2024-05-20,2026-10-24,355758.63,Pendente,107678.09
27239,62409,25719,1,2023-07-28,2026-05-28,117225.75,Ativo,42373.28
39719,84456,75428,5,2024-10-24,2026-05-14,188023.73,Pendente,110143.48
45824,20414,58960,5,2024-08-06,2025-03-12,371294.29,Encerrado,254008.57
47749,9351,59359,2,2023-04-18,2026-09-08,304796.98,Pendente,227502.6
83350,57928,62203,5,2024-01-24,2026-07-27,270870.94,Encerrado,207353.7
37181,3894,53803,3,2024-09-19,2025-09-16,464492.68,Encerrado,364010.48
85519,12597,72364,5,2023-02-06,2025-03-13,441888.48,Encerrado,385476.01
25126,19518,21314,2,2023-05-10,2025-03-04,213255.62,Ativo,198053.6
31349,28142,8546,4,2023-12-15,2026-05-01,448795.95,Pendente,92577.49
40031,13931,50102,1,2023-08-08,2025-06-14,158132.77,Pendente,75227.05
77363,38882,62993,2,2024-02-14,2026-06-15,343044.7,Ativo,192181.55
68541,7859,84587,5,2024-10-01,2026-10-30,478067.1,Ativo,69986.85
19645,25514,52555,5,2024-10-16,2026-02-26,28873.53,Encerrado,5883.31
29748,52451,17862,1,2023-04-25,2026-04-18,199799.9,Encerrado,116979.37
54465,26159,9647,3,2024-07-02,2026-06-10,225300.85,Pendente,179806.57
88949,86727,13260,2,2024-05-05,2026-04-20,417238.34,Pendente,95100.23
12401,68092,7274,2,2023-08-01,2026-04-23,323314.37,Encerrado,297407.42
19527,15613,28827,2,2023-05-29,2026-09-23,170235.12,Ativo,64245.27
14453,88732,75306,5,2024-10-28,2026-08-06,248653.29,Encerrado,48341.84
90264,76833,8507,1,2024-12-13,2025-03-05,390090.97,Pendente,185301.5
38981,14849,44518,2,2024-05-16,2026-06-12,301381.86,Ativo,86938.82
29101,50390,34618,2,2025-01-16,2025-08-18,402100.87,Pendente,223149.88
82773,5160,42771,4,2023-06-11,2026-10-16,102195.35,Ativo,63721.03
23994,25414,51254,5,2023-08-22,2025-07-19,423606.82,Ativo,91219.21
91797,35209,13493,1,2025-01-20,2025-04-04,317696.21,Pendente,130483.45
42730,34784,34400,3,2023-08-18,2026-12-25,467048.29,Encerrado,56769.49
15735,76021,64284,5,2023-03-13,2026-10-29,361184.11,Pendente,280384.81
76737,17484,47830,3,2024-03-17,2025-07-26,44992.51,Encerrado,17505.46
86022,24399,17862,4,2023-05-28,2025-07-20,232194.44,Pendente,32630.27
41615,29298,82608,3,2023-12-23,2025-02-07,305849.28,Ativo,174965.5
26025,72060,62921,2,2023-07-10,2025-06-23,405402.51,Ativo,259982.67
27290,25633,6352,3,2023-08-05,2025-09-06,382154.27,Encerrado,354444.77
32150,37353,70688,1,2024-12-13,2025-05-06,376392.92,Pendente,85132.17
84189,78639,61484,2,2024-07-21,2026-06-24,44274.68,Pendente,41304.19
47716,58797,66230,3,2024-06-27,2026-11-14,224204.26,Ativo,155777.73
61799,13254,22263,5,2025-01-09,2026-08-29,353595.89,Ativo,250531.38
61404,36020,73094,3,2024-10-01,2025-07-30,275245.1,Pendente,153197.66
29622,65902,3622,2,2024-01-21,2026-11-16,430232.67,Ativo,115711.52
32630,34999,48063,5,2023-03-20,2025-04-19,198024.98,Encerrado,154463.21
66978,25641,31068,1,2023-08-19,2025-11-01,458648.99,Encerrado,106801.02
12569,22724,95784,1,2024-07-14,2025-12-19,120962.96,Ativo,21493.0
54871,50144,50768,4,2024-07-30,2025-03-23,60954.92,Pendente,23271.99
36076,64997,40225,1,2024-11-10,2025-04-24,31090.63,Pendente,27965.47
91652,65836,42354,2,2025-01-23,2025-08-10,293076.73,Encerrado,72536.1
87900,77599,75428,2,2024-09-22,2026-06-24,377330.78,Ativo,110582.56
21671,25809,15923,2,2024-12-24,2025-08-03,221093.23,Ativo,32379.51
90333,80817,33437,2,2023-03-14,2026-09-15,341084.02,Pendente,112685.26
62295,51831,94716,5,2023-07-26,2026-01-26,497021.55,Pendente,167303.87
47480,71354,45608,3,2024-07-09,2026-08-10,384008.76,Pendente,103677.41
67580,62376,34971,4,2024-01-05,2026-04-16,318207.06,Ativo,247597.49
42603,85835,30167,2,2024-04-12,2026-07-27,171475.64,Ativo,125777.36
84967,20415,92959,5,2023-06-04,2026-02-08,280769.92,Ativo,150631.56
50223,7765,84258,1,2024-07-28,2026-08-01,87002.76,Ativo,22845.75
47396,1348,81624,3,2023-12-10,2025-12-10,179097.89,Encerrado,104374.82
31317,28224,3472,4,2023-07-27,2025-10-13,476701.75,Ativo,447589.51
21079,31481,83241,1,2023-10-22,2026-03-05,24188.61,Encerrado,15201.46
82435,33006,59575,2,2023-12-27,2025-10-27,291896.01,Ativo,246313.71
12998,81423,34953,4,2023-06-13,2026-02-16,248693.61,Encerrado,108439.22
44813,26596,8572,1,2024-03-21,2025-02-24,17033.0,Ativo,5532.08
38347,73504,46641,3,2023-03-20,2025-10-03,285990.32,Encerrado,76925.55
27277,77688,62248,5,2025-01-07,2026-02-13,193300.72,Encerrado,173360.81
17602,30979,11220,4,2023-10-06,2026-04-27,142380.0,Ativo,132219.17
83250,8420,87509,2,2024-07-03,2026-03-22,88322.51,Encerrado,12222.22
67275,29476,84929,2,2024-10-21,2026-05-15,376189.88,Ativo,39154.31
92468,49866,77819,3,2023-03-02,2026-09-10,438168.29,Encerrado,158966.4
17211,50097,84587,1,2023-05-02,2026-04-20,383515.54,Ativo,122675.01
54563,80044,57279,5,2023-04-15,2025-07-14,143855.74,Encerrado,89548.12
91108,42931,5962,3,2024-03-23,2025-05-03,488532.52,Encerrado,85305.65
81761,25565,61408,4,2023-10-03,2025-03-11,144212.84,Pendente,66777.33
27003,29249,45002,3,2023-03-05,2025-02-24,236188.61,Ativo,47320.41
52959,59144,31559,1,2024-12-07,2027-01-08,83586.1,Encerrado,24616.02
15158,85560,53053,3,2024-03-22,2026-03-21,142763.59,Pendente,38584.91
82835,76891,80043,3,2024-12-10,2026-07-13,224828.99,Pendente,103882.2
90794,3823,73030,4,2024-10-15,2025-03-22,217501.18,Pendente,214971.42
93362,73310,95546,2,2024-08-20,2025-07-31,355934.85,Pendente,226447.51
71052,91201,34953,1,2024-10-23,2025-05-04,461772.09,Encerrado,157475.2
25811,95206,44607,1,2024-10-03,2025-02-09,74000.95,Pendente,49030.55
56121,38376,66451,2,2023-09-30,2025-10-26,295043.67,Ativo,237938.58
91651,26578,78461,3,2023-11-21,2026-06-27,314939.22,Encerrado,298272.38
79581,30796,79356,2,2024-08-22,2026-06-05,100482.98,Encerrado,11037.58
16947,6135,36114,1,2024-06-27,2026-09-03,417410.99,Ativo,346887.01
82662,6015,78434,4,2023-04-11,2025-03-17,396093.08,Pendente,217792.67
41012,94390,53803,2,2023-07-24,2025-11-22,108552.94,Pendente,36227.21
21040,28224,92959,1,2024-06-29,2025-09-09,89240.73,Encerrado,80454.45
92835,40709,39425,4,2025-01-21,2026-04-02,175726.54,Ativo,45099.46
15884,40397,58588,1,2023-02-24,2026-12-30,488255.29,Encerrado,83705.24
79258,95507,77750,3,2024-04-08,2025-04-03,229014.9,Pendente,183821.7
21057,30725,39303,5,2024-10-15,2026-04-01,466820.26,Ativo,258788.86
98443,74430,36453,3,2023-03-22,2027-01-12,380425.7,Ativo,365110.32
60393,54326,20477,1,2023-03-17,2026-04-07,182659.35,Ativo,105600.21
54846,46634,8912,4,2024-07-20,2026-03-12,72675.39,Pendente,11145.81
82115,82583,94716,2,2024-09-26,2026-08-15,406464.83,Encerrado,382944.46
27276,23895,82296,4,2024-10-02,2026-10-03,188909.21,Pendente,43734.52
25286,49339,96138,4,2024-12-25,2026-02-28,98076.12,Ativo,90105.68
45398,32936,68975,1,2023-08-16,2026-07-12,277737.59,Ativo,68000.18
73784,8271,7089,4,2024-10-07,2025-06-23,424538.33,Ativo,315965.77
52039,94017,77289,5,2023-12-16,2026-12-31,59584.41,Ativo,38835.16
47693,25641,66282,1,2024-09-15,2026-11-26,483387.2,Encerrado,371299.27
51401,20165,24978,5,2024-08-05,2026-12-26,346245.47,Pendente,244955.34
86588,20062,18746,1,2024-01-06,2027-01-27,380572.78,Ativo,175804.67
39394,86964,93843,4,2023-06-30,2026-01-06,100182.28,Pendente,21961.23
20692,29690,39865,4,2024-11-29,2026-11-29,88335.36,Ativo,41711.53
98773,53775,50343,4,2024-04-19,2026-12-27,39954.99,Pendente,34701.85
59728,36109,6352,3,2024-02-21,2027-01-09,30527.21,Pendente,16001.01
89112,7674,98613,2,2024-12-21,2025-07-14,196943.89,Encerrado,95317.36
63659,39892,21960,3,2024-08-27,2026-05-09,206244.55,Encerrado,199789.13
12345,61570,92274,5,2024-08-04,2026-06-19,300133.04,Ativo,123962.33
60362,78024,89838,5,2023-07-04,2026-02-13,152375.06,Ativo,137794.78
19039,75187,25315,3,2024-01-15,2025-06-16,188245.68,Ativo,92608.87
16559,63003,20038,4,2024-08-07,2025-05-07,84110.13,Ativo,59047.75
93929,41265,51161,5,2024-08-18,2026-04-10,246886.64,Pendente,76710.82
91800,42227,53497,4,2025-01-21,2027-01-21,224940.55,Encerrado,85707.59
70611,30294,52044,5,2024-07-20,2026-10-08,479506.34,Encerrado,174107.38
98145,52083,79366,5,2023-06-22,2027-01-14,237524.04,Pendente,165255.8
30972,63600,30167,2,2023-03-05,2025-03-22,435950.23,Pendente,392525.28
26955,65450,13822,3,2024-06-14,2026-03-04,345666.02,Ativo,211081.54
24541,95348,61746,2,2024-02-29,2025-06-05,126554.65,Pendente,107035.5
79919,86587,61746,5,2023-05-22,2025-07-31,471890.46,Encerrado,447026.18
48407,75903,22708,2,2023-07-12,2025-06-16,400978.73,Ativo,57960.4
11531,6818,72364,3,2023-09-14,2026-06-09,196363.25,Ativo,32727.72
71838,4534,96134,2,2023-09-14,2025-10-24,181512.68,Encerrado,43343.36
63309,14121,50819,4,2024-07-17,2026-12-27,59465.38,Ativo,59058.39
40862,97618,62699,1,2024-02-28,2025-05-08,451664.59,Encerrado,197690.31
58063,59043,98946,5,2023-06-12,2025-04-12,145673.36,Pendente,131905.28
88505,84725,85955,5,2023-11-10,2025-09-15,216274.69,Encerrado,123379.34
89908,45463,65150,2,2025-01-27,2025-08-18,290433.94,Encerrado,246827.7
48299,24657,74753,5,2024-01-02,2025-02-16,46389.85,Ativo,12469.39
73812,33003,42115,5,2024-10-28,2026-11-09,416391.46,Ativo,143209.23
49488,44496,20014,1,2024-10-11,2026-02-25,302171.53,Pendente,118844.65
61137,44776,91943,2,2023-03-06,2025-09-04,441336.86,Pendente,383254.64
57591,20519,40016,2,2024-05-25,2026-08-24,15976.62,Encerrado,4484.41
89998,79555,49947,3,2024-10-21,2026-10-01,286230.66,Encerrado,138244.47
75358,93429,95546,4,2024-06-06,2026-09-25,141060.85,Ativo,56129.31
50864,46870,62011,5,2024-04-25,2025-10-29,313926.48,Ativo,162082.63
14958,1276,24728,3,2024-10-23,2025-03-17,414165.71,Encerrado,124907.35
12549,61765,14935,3,2023-04-09,2026-12-04,304103.96,Encerrado,121093.34
43449,82215,32369,5,2024-01-15,2026-04-10,231368.3,Encerrado,132607.06
51625,84372,5126,5,2024-05-12,2026-11-12,302216.62,Pendente,124807.1
22168,30925,24738,3,2023-04-26,2025-09-13,225533.32,Pendente,147366.83
80737,73155,62873,4,2023-05-19,2025-07-19,204062.44,Pendente,64636.68
71807,96016,57970,5,2025-01-30,2025-06-24,274624.8,Pendente,90311.03
72319,27412,53517,4,2023-05-04,2026-06-18,62878.49,Encerrado,19907.15
20326,38157,11220,5,2024-11-11,2026-03-22,172648.78,Encerrado,99188.17
66313,75860,50558,2,2024-08-05,2026-09-08,290422.68,Pendente,204899.0
34342,62398,21393,3,2023-10-21,2025-10-29,14172.09,Ativo,11577.41
52576,70405,48051,3,2024-05-19,2025-09-16,58827.09,Pendente,57914.96
93819,47103,13611,1,2023-10-21,2026-09-27,34989.01,Pendente,34234.51
64045,28356,26819,2,2024-09-07,2026-09-28,191989.53,Encerrado,88434.09
12231,32040,14098,2,2023-11-01,2026-01-07,335377.94,Encerrado,56084.79
54559,93035,60233,1,2025-01-15,2025-06-07,21972.37,Pendente,20576.26
77899,50471,26530,5,2025-01-30,2026-07-08,494269.27,Encerrado,407960.39
83307,30416,5781,1,2024-01-12,2025-12-12,144008.71,Encerrado,72231.31
17856,5144,67327,2,2023-09-29,2025-07-31,306635.27,Encerrado,235983.8
76103,55736,99820,4,2025-01-04,2026-02-07,97714.43,Pendente,12246.87
31094,30006,77289,4,2023-06-10,2026-10-09,467485.64,Pendente,103330.52
69055,52768,41889,2,2023-03-20,2025-06-25,10007.19,Ativo,6670.46
73127,40103,8912,3,2024-05-06,2025-05-13,288037.77,Pendente,225568.27
22981,67052,20607,2,2024-02-25,2026-11-18,55852.09,Pendente,47968.4
62752,23440,87319,1,2024-03-30,2025-05-30,392332.22,Encerrado,386780.34
43829,71344,82153,1,2024-04-02,2025-03-14,166105.47,Encerrado,30309.02
30277,2093,10084,3,2024-12-04,2025-07-25,228937.26,Pendente,67511.52
52524,85244,73845,5,2024-06-06,2026-07-27,262976.3,Ativo,232663.69
71787,19745,47772,4,2023-12-05,2026-10-23,247181.11,Encerrado,225736.87
87224,25985,50558,3,2024-02-03,2025-11-17,268058.84,Ativo,153268.16
43583,53564,28435,3,2024-07-18,2025-02-16,132937.95,Pendente,99040.54
17157,63835,54798,5,2024-04-04,2026-06-11,306199.16,Ativo,173712.71
65754,18122,30853,2,2023-08-23,2026-07-06,287186.5,Pendente,145415.57
36282,66904,44611,4,2023-09-02,2026-01-22,103078.1,Ativo,38460.54
59875,28018,52710,3,2023-12-15,2026-01-17,150477.07,Pendente,147932.33
51728,93582,97180,1,2023-09-13,2026-07-06,436263.71,Ativo,96113.43
90349,35525,50980,2,2024-02-08,2026-11-12,429709.54,Pendente,187975.36
94938,46849,27500,4,2024-11-21,2025-08-24,109745.29,Encerrado,58172.28
56155,25418,29251,1,2023-05-10,2025-10-27,330818.99,Pendente,268166.64
61688,84794,56585,1,2023-11-17,2025-08-31,19004.22,Pendente,5728.64
85431,29548,40623,1,2024-09-30,2027-01-25,449397.03,Encerrado,303949.16
62789,39258,61656,2,2023-06-28,2026-07-03,60827.21,Pendente,53685.42
66591,51838,59333,3,2024-03-08,2026-05-01,371427.96,Ativo,268214.41
65724,88230,18934,5,2023-10-04,2026-05-22,25851.99,Encerrado,24623.35
91095,65889,32114,2,2024-06-20,2025-03-11,371422.44,Ativo,293154.2
20731,56916,19803,2,2024-06-14,2025-12-14,424952.57,Pendente,202957.73
21249,70401,49300,3,2023-03-11,2026-08-05,320556.69,Encerrado,87412.51
31230,86817,6892,1,2024-10-11,2026-11-16,33653.32,Ativo,11775.77
30045,46008,52710,2,2025-01-06,2027-01-15,252650.68,Ativo,203361.56
11814,57664,68975,3,2023-11-12,2025-11-22,438957.64,Ativo,126367.02
20894,91484,28456,5,2023-03-13,2025-06-25,30129.15,Ativo,21700.9
40886,76124,62805,1,2023-04-02,2025-12-11,14383.38,Encerrado,9047.28
56255,99875,6255,1,2023-08-14,2025-10-20,234039.86,Pendente,88266.91
46573,56059,13834,2,2023-11-09,2025-02-06,471325.93,Pendente,254666.09
75662,92809,29523,3,2023-07-10,2025-12-18,405933.89,Encerrado,399683.46
29104,79264,65556,2,2024-06-01,2026-05-09,385992.9,Ativo,320022.78
97489,46134,15507,3,2025-01-14,2026-11-10,456148.35,Encerrado,269051.91
25927,43946,24185,5,2023-02-07,2026-06-21,32186.84,Pendente,17664.07
40834,46531,95917,1,2024-06-04,2027-01-03,176929.61,Ativo,159852.35
59709,68516,85198,2,2023-11-05,2025-08-29,224514.16,Pendente,130880.68
35669,98200,84929,2,2025-01-28,2026-04-24,269576.86,Pendente,217716.22
78191,71286,5510,3,2023-12-30,2026-03-12,494953.27,Encerrado,145775.65
43792,28122,16426,4,2023-09-07,2026-05-03,360994.87,Ativo,238947.45
34546,94056,44234,2,2023-11-19,2025-12-02,40491.43,Pendente,38652.8
80670,77662,65558,4,2024-06-19,2025-10-20,452478.11,Pendente,233756.48
22511,5343,14935,4,2023-10-02,2026-08-20,389366.19,Ativo,383305.26
10056,92063,25971,2,2024-04-10,2026-09-30,56161.13,Encerrado,33379.25
73923,55556,79863,2,2023-03-26,2025-06-07,293550.64,Ativo,81119.53
68637,75117,85178,5,2024-06-22,2026-07-03,475265.2,Encerrado,101469.37
32952,36751,37816,2,2024-10-31,2026-03-22,318577.49,Ativo,188972.15
59212,19766,84849,5,2023-10-01,2025-05-14,300558.41,Ativo,94482.77
82574,85504,82373,1,2024-11-20,2026-02-17,204964.48,Pendente,61929.05
73382,12125,79422,4,2023-10-10,2026-03-24,372357.36,Encerrado,352305.51
24440,91147,28230,3,2024-11-08,2026-06-04,16407.97,Pendente,6551.64
21693,16268,2376,3,2023-05-23,2026-09-30,151316.88,Encerrado,102986.83
13592,56106,29629,1,2023-03-17,2026-07-24,383008.69,Ativo,326249.55
64252,20811,48383,5,2024-11-20,2026-03-18,112405.31,Pendente,61325.46
91690,90540,52202,2,2023-03-31,2025-08-15,202944.36,Pendente,54013.55
67237,45814,97133,1,2025-01-13,2026-06-23,116394.11,Encerrado,72484.53
69638,92797,2977,1,2025-01-16,2025-02-19,160298.3,Pendente,144395.29
28813,63454,80635,4,2024-11-16,2025-09-10,213963.16,Pendente,111032.7
63963,25091,99526,2,2023-03-11,2027-01-12,176480.1,Encerrado,41797.57
76894,14366,15318,2,2024-10-28,2026-08-15,454220.22,Ativo,416270.98
23042,32146,62248,5,2023-12-31,2025-02-06,421302.69,Pendente,104684.32
27672,22927,51538,4,2023-05-03,2025-10-17,462782.05,Pendente,371064.32
23671,83465,91048,4,2023-12-20,2025-02-19,490370.94,Encerrado,284652.06
73092,22216,9372,4,2024-06-16,2025-12-23,236170.73,Encerrado,184839.62
17707,36592,21847,4,2024-09-07,2025-07-05,277519.33,Pendente,51342.25
41224,39417,21813,2,2024-09-25,2025-09-04,295705.9,Ativo,264991.34
99856,75540,94957,4,2024-09-04,2025-11-26,430631.33,Pendente,216716.55
29357,6779,78434,2,2024-09-17,2025-11-12,367703.32,Encerrado,124858.25
28668,68246,57926,3,2024-10-06,2026-01-28,256487.44,Encerrado,217530.77
63923,66671,95546,3,2024-05-25,2026-09-26,230777.99,Encerrado,201493.9
62386,84149,40016,1,2024-03-18,2026-01-25,262316.09,Ativo,260794.79
65428,16472,62471,4,2024-01-11,2025-04-23,370992.31,Ativo,199669.99
36664,46865,62873,5,2024-03-28,2025-06-30,435374.8,Pendente,367182.97
84424,70561,66768,1,2024-02-04,2025-03-24,96353.67,Pendente,86801.97
13706,88048,75306,5,2024-01-05,2025-12-04,493593.62,Ativo,193262.21
24137,70619,72847,4,2023-02-05,2026-11-29,337115.91,Ativo,171611.19
80305,96716,42354,2,2023-02-05,2025-10-19,312368.85,Pendente,55867.76
14690,57579,10221,1,2024-01-22,2025-11-26,467453.02,Ativo,163724.48
75046,31924,27943,3,2024-05-29,2026-12-27,190328.85,Pendente,185408.25
23364,10398,77128,4,2023-08-16,2026-08-02,100396.59,Pendente,34879.28
97929,66729,35470,5,2024-09-24,2025-12-03,307412.91,Ativo,254203.29
65620,29780,10461,2,2024-11-07,2025-08-07,373654.19,Pendente,248323.84
74010,78529,24920,4,2023-09-11,2026-07-22,345943.03,Encerrado,229394.92
35660,75930,96394,5,2024-08-19,2025-03-16,123703.6,Pendente,82190.89
37434,38590,6961,5,2023-04-05,2026-02-09,173622.49,Ativo,53938.93
50420,79143,7176,1,2024-09-28,2027-01-02,123803.44,Ativo,66121.96
58549,26494,12693,3,2024-04-30,2026-03-30,126407.82,Pendente,57720.48
17788,83446,76821,5,2023-10-26,2025-08-28,427051.78,Ativo,408308.99
63062,19179,80737,3,2025-01-16,2025-02-09,10834.01,Ativo,5167.75
83117,49070,53497,3,2024-12-26,2025-09-12,374468.53,Ativo,51990.8
69385,25862,3929,5,2024-11-22,2026-07-20,381899.11,Encerrado,254888.2
21350,71425,93941,1,2024-01-09,2025-05-18,59931.29,Pendente,21232.74
77966,89194,32717,3,2023-07-08,2026-03-16,114893.51,Ativo,37965.7
30076,57707,90846,5,2023-11-22,2025-08-31,55462.49,Ativo,53018.17
98664,37045,12209,2,2024-11-09,2025-07-18,377953.26,Ativo,302170.34
45456,32342,2567,5,2024-04-14,2026-09-19,25740.88,Ativo,5530.88
65033,41022,61763,1,2023-07-01,2025-09-27,338430.93,Encerrado,338184.01
30898,21870,12482,4,2023-03-28,2027-01-15,153105.94,Encerrado,79900.47
69193,14657,34604,4,2023-05-07,2025-05-24,343595.82,Ativo,110280.89
71682,98163,35474,4,2023-04-10,2025-07-31,423972.43,Pendente,203574.23
46391,56322,81067,5,2023-06-05,2025-11-26,170062.29,Ativo,32260.37
19218,26195,28964,4,2025-01-10,2026-04-21,95575.63,Ativo,56894.71
41068,63019,70377,1,2024-10-08,2027-01-17,388451.93,Ativo,121048.64
99496,62602,70795,3,2023-09-20,2027-01-04,70452.03,Ativo,41224.78
25354,37369,24794,4,2023-04-01,2026-07-15,145684.21,Pendente,90283.47
84777,70523,8891,1,2023-06-26,2025-03-10,216008.49,Pendente,111108.18
79392,96598,78434,1,2023-04-03,2025-07-04,190726.25,Encerrado,135183.71
69892,41645,34910,5,2024-05-09,2026-05-18,251180.9,Encerrado,48217.77
52385,24692,67533,1,2024-01-20,2026-01-07,214603.7,Ativo,113380.86
65883,39257,68283,5,2024-04-20,2025-01-31,430986.08,Ativo,361631.55
20041,94561,40016,4,2024-07-13,2026-09-25,422659.07,Encerrado,141039.83
48720,3677,78584,2,2024-02-25,2025-02-17,323577.86,Ativo,298276.58
73927,98751,46149,5,2024-02-17,2026-05-27,421218.29,Pendente,86065.08
50435,11539,11425,5,2024-11-11,2026-04-01,93681.56,Encerrado,12460.41
47155,13443,72503,5,2024-08-26,2026-01-07,326560.85,Encerrado,251963.49
31546,6240,2368,1,2024-03-08,2026-11-07,427972.75,Pendente,213110.38
10229,16988,29512,1,2024-12-07,2026-10-17,452496.89,Pendente,206424.24
50025,9767,27003,4,2024-02-27,2025-07-29,377198.81,Ativo,224896.36
42370,86587,57225,5,2024-09-20,2026-09-13,304654.03,Ativo,71798.74
75650,55924,99142,2,2024-07-03,2026-07-31,315871.5,Pendente,225471.22
35618,22519,27982,5,2024-09-15,2026-07-19,282470.02,Encerrado,123154.52
71932,98732,97232,1,2023-02-11,2025-12-18,160320.2,Ativo,32205.14
61350,55546,4724,4,2023-11-03,2025-09-07,450255.86,Pendente,372698.07
75193,62111,96898,3,2023-03-13,2025-10-21,234793.06,Ativo,198177.55
30693,53362,80950,5,2023-11-21,2026-08-18,275385.1,Ativo,28785.34
88322,9695,43011,1,2023-12-22,2025-02-04,126231.93,Pendente,69996.18
49465,13545,33207,3,2024-06-26,2026-04-19,123332.22,Pendente,121884.66
43644,36022,59697,4,2024-01-24,2025-09-12,23308.26,Encerrado,20221.66
64128,59193,22973,2,2023-04-03,2025-07-08,450900.83,Pendente,188064.3
54585,30895,14490,3,2024-11-16,2026-03-18,236399.99,Encerrado,56108.28
38204,49534,4651,4,2024-12-12,2025-05-25,126251.87,Encerrado,30738.06
76966,31014,47764,5,2024-08-19,2026-11-12,123396.55,Ativo,80189.08
77745,56924,89704,1,2023-04-15,2025-08-02,297300.69,Pendente,265531.27
10774,93837,98911,1,2023-02-14,2026-02-20,97289.51,Encerrado,73630.3
85911,95206,15305,5,2023-04-13,2025-02-19,411181.24,Pendente,70666.96
59842,14287,14540,5,2023-05-09,2025-03-07,33591.93,Pendente,5505.04
96051,72404,14490,1,2023-03-29,2026-07-13,438129.54,Encerrado,100312.7
35471,69796,50118,3,2023-06-15,2026-12-07,489129.53,Ativo,124594.76
18216,33319,59009,4,2024-10-05,2025-10-05,191693.46,Encerrado,79926.82
18058,85287,51795,2,2024-04-11,2025-05-17,89796.23,Pendente,41497.72
44818,11439,31465,1,2023-11-27,2025-07-27,243975.35,Ativo,192801.59
26943,44260,82889,2,2023-04-04,2026-04-11,175856.53,Encerrado,27747.46
30456,99572,57109,5,2024-02-06,2026-11-06,263181.79,Encerrado,162221.12
93644,10696,81443,1,2024-08-08,2026-12-15,305408.68,Pendente,197860.97
96809,90009,71454,3,2024-11-09,2025-04-19,440980.77,Pendente,242088.03
92533,50471,29512,2,2023-08-17,2027-01-04,328717.58,Ativo,77572.37
64502,84840,50102,2,2023-09-30,2026-10-14,246046.26,Encerrado,79830.36
11955,55985,62203,4,2023-09-26,2026-01-30,114362.16,Ativo,59032.36
10192,92583,64159,1,2023-11-24,2026-05-04,390896.76,Ativo,60624.67
56874,34197,64381,1,2023-09-04,2026-10-30,111822.2,Pendente,24439.85
33140,98624,66887,4,2023-09-18,2026-05-17,359778.86,Ativo,64360.36
63314,19989,79448,4,2023-08-27,2026-09-24,86741.36,Encerrado,64505.14
23745,77016,56418,1,2024-04-09,2026-04-08,86369.03,Ativo,10334.06
94029,47936,7990,1,2023-05-09,2025-11-09,234162.99,Encerrado,47925.02
47465,26270,26827,5,2024-12-10,2026-11-29,71741.78,Pendente,34566.14
26504,50868,28273,1,2024-05-11,2025-06-28,457247.27,Ativo,302598.29
13366,76602,99968,2,2023-03-25,2026-03-09,322978.54,Encerrado,65110.25
42785,1311,39303,3,2023-12-19,2025-10-31,29718.15,Encerrado,7644.58
26608,44629,55476,2,2024-09-15,2025-09-06,108586.51,Pendente,32564.88
26947,65726,13260,1,2024-12-21,2025-08-16,476677.56,Ativo,243608.46
52110,33995,33624,5,2023-02-12,2025-07-09,305532.84,Ativo,101051.96
70776,79651,64354,5,2024-05-27,2025-08-12,303640.8,Pendente,101466.46
75572,10847,8207,2,2023-03-29,2027-01-19,334794.28,Ativo,213103.08
19077,38297,55910,5,2023-10-07,2026-11-07,421675.11,Ativo,319842.73
63213,93122,81443,5,2023-09-26,2026-10-20,349368.28,Encerrado,106261.91
80501,41872,22263,3,2023-08-13,2025-03-11,466351.92,Pendente,258514.0
84827,96728,26819,1,2024-01-13,2026-11-08,499915.23,Pendente,60443.83
93656,64082,60967,3,2023-07-16,2026-12-01,423085.38,Ativo,101871.38
26245,62162,61408,3,2024-05-30,2026-03-14,328335.21,Encerrado,177106.91
90696,68520,20975,3,2024-07-18,2026-07-07,108702.96,Ativo,61247.81
39584,3488,52202,1,2023-10-17,2026-04-07,61124.01,Ativo,40624.3
54395,88348,2074,4,2023-03-06,2026-12-01,85432.77,Encerrado,34793.91
20601,48001,79724,2,2023-04-17,2025-11-30,332598.7,Ativo,39613.03
52146,76144,42510,1,2023-02-18,2025-12-29,415823.87,Pendente,284552.34
91555,2379,37799,2,2024-01-26,2026-03-30,488423.89,Encerrado,281156.99
49126,11049,21960,5,2023-04-10,2026-01-31,190306.27,Encerrado,27820.21
60100,67275,43643,5,2024-09-13,2027-01-27,266024.42,Ativo,186678.89
48658,28864,68531,2,2023-02-19,2025-11-18,452376.59,Encerrado,190257.06
91092,48469,6756,2,2024-06-05,2025-07-25,273586.39,Ativo,219789.2
83313,69053,71153,1,2023-08-04,2026-07-28,385216.7,Encerrado,159374.73
78008,55311,85525,3,2024-10-17,2025-04-25,363427.5,Pendente,42734.35
83085,19276,30853,4,2023-11-14,2025-11-12,85747.84,Encerrado,45819.68
60876,12221,11106,2,2023-07-28,2026-01-10,15955.13,Ativo,10139.78
42026,22873,6521,2,2024-09-13,2025-10-08,455693.75,Encerrado,330878.52
76839,50770,18938,2,2024-01-19,2025-10-06,361059.61,Pendente,163922.8
22673,97752,99088,4,2024-03-08,2027-01-04,64254.67,Ativo,40703.17
25009,85108,64756,4,2023-03-26,2025-09-27,369247.76,Encerrado,60980.02
75551,13863,18042,5,2024-09-13,2025-12-06,233052.13,Ativo,217427.66
45713,48311,54337,5,2024-02-13,2025-04-03,414303.18,Pendente,306926.6
21943,91028,62921,4,2024-09-05,2025-10-01,389058.3,Encerrado,83470.97
61882,71396,17244,2,2024-12-13,2026-01-21,355468.69,Encerrado,249687.21
52994,12507,27156,1,2024-05-29,2026-09-10,484021.16,Pendente,277027.27
33183,61670,32728,2,2023-02-23,2026-04-21,45347.64,Ativo,6576.37
54756,42472,82608,5,2024-09-06,2026-07-09,82368.56,Pendente,65572.41
72491,90432,96623,3,2023-03-10,2027-01-17,135508.86,Encerrado,24434.31
46842,87287,6706,5,2023-05-12,2026-06-19,92107.51,Encerrado,79585.33
90029,31611,85657,2,2023-09-09,2025-05-19,126849.34,Pendente,15121.78
67449,14761,97232,1,2023-05-19,2026-07-14,246881.12,Pendente,49787.05
75118,98820,51254,2,2024-08-12,2026-11-22,308452.68,Pendente,124024.07
28344,89041,85656,2,2024-01-04,2026-05-25,12982.91,Encerrado,7424.85
98565,26810,62117,2,2023-02-05,2026-05-09,399818.42,Ativo,344137.44
34167,22719,96857,3,2024-06-29,2025-11-19,310785.8,Ativo,277636.3
19083,45284,50102,1,2023-09-05,2025-09-25,317470.16,Encerrado,177535.46
27489,17955,46681,2,2024-08-07,2026-08-27,183712.7,Ativo,159215.54
45720,18784,98911,5,2023-08-04,2026-08-28,299139.56,Ativo,206672.33
80374,48135,27877,4,2023-03-15,2026-01-17,493473.26,Ativo,73440.02
56300,27227,98963,3,2024-11-16,2026-02-02,463351.82,Pendente,226347.84
90221,19342,90399,4,2024-01-15,2026-03-25,165170.57,Encerrado,147589.29
28277,2353,52044,5,2023-05-08,2025-07-26,403566.12,Pendente,113238.88
46555,39728,47764,4,2023-11-08,2026-11-22,298835.33,Ativo,97594.27
41180,33409,13974,3,2023-04-16,2025-06-12,313469.19,Encerrado,116471.61
24430,95818,21900,3,2024-09-07,2025-11-18,205301.44,Encerrado,137475.38
78126,65156,30515,5,2023-05-29,2026-05-19,274355.55,Encerrado,38024.03
38810,93844,33739,2,2024-10-09,2026-05-25,476512.79,Encerrado,67346.9
69579,62197,28004,2,2023-10-13,2026-11-16,176769.39,Pendente,88655.8
74933,29192,26959,4,2024-08-17,2026-08-31,136691.15,Encerrado,28769.09
30941,30949,82576,4,2023-08-10,2026-10-04,105877.33,Ativo,71070.35
71726,52665,81640,2,2023-09-11,2026-01-15,136379.8,Pendente,68160.62
49519,87040,40961,5,2024-10-04,2025-07-03,35710.19,Encerrado,31385.97
27991,68320,25842,1,2024-06-09,2025-06-29,151693.56,Ativo,61318.99
13144,42131,43778,1,2023-12-05,2026-11-05,170447.32,Pendente,31576.01
55307,77028,97393,1,2023-10-10,2026-12-13,226691.8,Encerrado,164187.88
17664,87090,87117,5,2024-09-19,2026-09-14,327016.55,Encerrado,134434.24
12193,12153,30968,1,2023-08-28,2025-05-31,320166.49,Pendente,67026.91
74145,6739,5962,2,2023-03-13,2025-12-20,209253.9,Ativo,199579.78
48056,64186,60233,5,2025-01-24,2025-11-24,430012.82,Ativo,184136.77
91604,90800,98865,4,2023-10-20,2026-12-06,360788.79,Encerrado,217032.72
46773,66483,44586,3,2024-09-16,2026-02-08,339966.59,Ativo,289726.34
20590,53952,99281,3,2023-07-11,2026-04-17,99543.38,Ativo,96354.39
43055,75701,73845,2,2024-03-02,2027-01-08,497490.51,Pendente,218291.86
18266,51425,34228,3,2023-08-02,2025-02-22,171327.67,Ativo,35430.56
61521,5583,86831,2,2024-02-18,2026-04-03,288465.67,Encerrado,164905.98
31015,64707,8891,3,2023-05-23,2027-01-02,189308.99,Pendente,50418.59
44063,88454,63226,1,2024-04-18,2025-07-27,494070.09,Encerrado,114654.29
32269,24113,68283,2,2023-03-13,2026-02-20,376481.52,Pendente,269441.85
86117,92427,99900,1,2023-04-21,2026-05-18,179003.71,Encerrado,136972.57
38683,5203,73521,1,2024-03-10,2025-07-23,128561.72,Ativo,75649.67
15327,90596,37343,3,2023-03-14,2025-08-23,114213.25,Encerrado,75573.3
97519,34961,25690,1,2023-09-07,2026-01-30,55504.84,Encerrado,5692.12
23303,52215,56556,2,2025-01-16,2026-06-29,199509.72,Pendente,77811.3
49514,9386,70953,1,2023-12-20,2026-11-29,29034.54,Pendente,14472.75
80543,50536,44234,3,2024-07-04,2025-08-12,153729.09,Pendente,142060.67
99667,61533,80737,2,2024-04-08,2025-08-15,65755.44,Encerrado,34299.47
40324,16541,29512,3,2023-02-18,2026-01-27,258666.6,Encerrado,39940.4
42756,74300,62677,4,2023-11-01,2025-02-27,446317.99,Ativo,139161.64
81442,4023,71982,1,2023-09-19,2026-07-06,294663.64,Encerrado,157265.33
65171,74995,85657,2,2023-06-13,2025-12-10,282723.96,Ativo,231381.6
92332,90009,16528,4,2024-06-22,2026-08-14,15703.99,Ativo,7120.57
59134,13839,84650,4,2024-08-26,2025-10-29,391237.19,Encerrado,319548.63
57992,26759,98388,2,2024-04-13,2026-10-04,351049.63,Pendente,305727.8
94418,55985,72221,3,2024-02-28,2025-05-01,110100.12,Encerrado,85752.0
62139,97702,66743,2,2023-02-14,2025-04-07,104084.43,Pendente,21095.29
92888,8278,62908,1,2023-07-30,2026-04-06,376032.55,Pendente,279146.11
81670,59030,81995,1,2024-07-17,2026-06-20,281273.06,Pendente,96420.81
61664,84138,25918,1,2024-04-18,2026-07-25,322064.81,Pendente,254173.57
39190,80474,57970,3,2024-06-20,2025-04-26,52951.72,Encerrado,43927.41
83455,80474,43902,1,2024-12-10,2026-06-14,302189.81,Ativo,43526.23
99868,6745,79009,5,2023-02-19,2025-08-09,490132.54,Encerrado,116642.72
61928,67081,68283,4,2024-01-17,2026-12-11,246951.32,Ativo,104746.7
58001,84725,16648,4,2024-01-04,2025-07-17,73994.12,Pendente,17084.89
68166,89415,47552,5,2024-09-01,2026-04-13,484348.8,Pendente,54099.23
28356,83108,73317,2,2024-05-25,2026-01-27,203745.87,Ativo,82855.37
43656,33275,16396,4,2023-04-29,2025-03-20,439497.54,Pendente,317178.58
27655,98944,45828,1,2023-09-07,2026-05-13,258436.11,Encerrado,65774.78
42920,98262,79158,2,2024-12-08,2026-04-23,490046.14,Ativo,171840.96
37737,61412,64616,5,2023-07-07,2025-08-28,373833.26,Pendente,113517.32
75788,92958,59333,4,2024-06-01,2025-12-16,148912.56,Ativo,77279.81
99316,78173,21627,4,2024-12-18,2026-03-06,349891.47,Encerrado,260132.76
87878,21229,69828,5,2023-04-10,2025-07-03,493356.93,Encerrado,283692.91
57619,44328,53053,2,2023-10-29,2025-08-19,312110.59,Encerrado,174673.22
39760,89824,47822,4,2023-06-05,2026-04-01,117340.04,Pendente,23256.33
48547,76642,31264,2,2024-12-07,2025-10-26,201727.82,Ativo,40126.33
93128,87331,9465,3,2024-03-08,2026-10-01,115149.5,Encerrado,42478.9
85328,23166,32423,3,2024-10-27,2025-04-06,434903.7,Ativo,309086.36
38215,39617,96958,4,2023-06-23,2025-04-14,76202.36,Encerrado,55359.99
97009,87776,80600,5,2023-03-04,2025-07-28,477903.01,Encerrado,111584.5
19528,85887,50558,5,2024-01-27,2026-08-26,141834.12,Pendente,79468.03
72908,63655,17042,4,2024-07-28,2027-01-13,10509.12,Ativo,4915.92
15363,46428,52877,5,2024-01-13,2026-10-05,345639.54,Encerrado,51181.26
61984,35709,22276,3,2024-10-17,2025-11-22,80239.54,Encerrado,40146.73
44559,57707,48794,2,2023-05-19,2026-03-07,390803.29,Pendente,216249.55
21843,13510,40388,1,2024-12-06,2025-05-11,131657.7,Encerrado,60569.27
12479,87464,28543,4,2023-05-22,2026-08-29,431166.2,Pendente,389230.14
41418,81865,57575,1,2023-07-02,2026-01-02,76119.54,Ativo,42404.76
78041,87271,2843,5,2024-07-29,2025-06-28,136772.71,Ativo,105084.02
78219,84203,68307,3,2023-10-23,2026-02-10,350185.46,Ativo,59036.93
98643,39324,96354,3,2024-01-05,2025-05-09,477085.36,Encerrado,238959.71
41801,22688,45002,2,2023-10-15,2026-11-30,149215.74,Ativo,97187.0
24480,97813,25918,4,2024-06-19,2025-02-04,444398.77,Pendente,422152.48
80310,6731,50768,2,2023-11-03,2026-09-28,60696.47,Ativo,21577.51
72643,7959,89271,1,2024-02-12,2026-09-15,290568.97,Pendente,218355.09
93130,17026,39254,3,2024-04-09,2025-10-02,98980.0,Encerrado,98977.43
10660,31928,51447,1,2023-05-15,2026-06-10,191981.38,Ativo,30666.74
59141,45416,14935,2,2025-01-19,2025-06-21,403694.41,Pendente,343770.39
71861,97102,40550,2,2024-10-01,2025-02-25,474378.0,Pendente,200855.94
84258,24138,2660,1,2024-12-12,2025-09-01,47699.83,Ativo,5186.17
53486,84195,21813,2,2023-07-01,2025-05-22,219529.03,Pendente,59711.79
12651,27323,4391,2,2023-10-21,2025-02-10,431001.42,Encerrado,168642.68
66644,56465,17042,3,2024-08-27,2026-03-10,378401.73,Pendente,198964.58
84202,44184,32680,5,2024-05-25,2027-01-09,139947.25,Encerrado,68547.3
75730,75144,25846,4,2023-10-08,2025-10-16,90885.05,Encerrado,13476.87
92062,22825,45002,2,2023-05-10,2026-01-02,349605.22,Ativo,284651.61
95482,50936,62471,5,2023-05-06,2025-05-24,67519.35,Pendente,32902.35
61254,94417,26513,2,2024-03-25,2026-01-20,443292.67,Pendente,311049.07
93934,21452,91371,3,2024-04-09,2026-10-17,342034.91,Encerrado,133579.07
69383,84689,55569,2,2023-09-15,2026-01-03,158917.66,Encerrado,103686.43
67058,19565,27087,1,2024-04-23,2025-04-18,173109.83,Encerrado,35354.24
32079,31201,69336,4,2024-10-28,2026-08-31,452564.66,Pendente,255605.73
14491,87307,78461,1,2023-03-24,2026-08-28,81371.86,Pendente,60650.51
36577,85074,26788,1,2024-10-11,2026-02-02,99664.43,Ativo,91338.47
18891,21229,51129,5,2024-01-23,2026-07-30,170227.95,Pendente,151375.59
67000,41715,22265,3,2024-04-14,2025-07-01,179857.38,Ativo,118278.51
79754,94120,75790,3,2024-09-27,2026-01-26,51534.02,Pendente,39977.78
55150,81183,71153,3,2024-07-25,2025-02-14,480423.68,Pendente,60916.3
49673,97692,68268,1,2024-04-03,2025-08-24,351897.93,Ativo,265911.42
19424,75201,92439,2,2024-04-08,2025-11-16,399329.76,Pendente,84275.59
21516,98010,62435,3,2024-10-19,2026-05-10,303737.71,Ativo,107244.48
68588,24224,72978,4,2024-01-31,2025-06-03,124237.04,Ativo,89471.87
10114,40142,65549,3,2023-06-08,2025-08-24,296272.8,Pendente,178627.18
59737,22032,72364,3,2024-01-06,2026-06-02,188997.15,Pendente,162812.36
34965,87750,87970,1,2024-12-07,2026-07-05,450943.49,Encerrado,385413.57
60621,21126,5126,3,2024-09-21,2026-11-16,125594.99,Pendente,16463.8
38432,31422,24728,3,2024-09-20,2026-04-06,64963.1,Encerrado,40585.14
77974,8169,76604,3,2023-06-17,2026-03-12,60330.47,Pendente,60184.43
16185,64031,93798,5,2024-01-24,2026-04-09,409733.82,Ativo,282289.5
88360,10420,46822,1,2023-03-26,2026-01-07,281087.52,Pendente,77715.14
77126,15034,90310,1,2025-01-08,2025-08-16,60338.38,Ativo,33642.35
24274,33049,81067,4,2024-09-26,2025-02-21,102490.6,Encerrado,89753.97
27975,65432,18822,3,2023-11-05,2026-07-10,462799.29,Encerrado,63392.03
36677,56630,55476,4,2023-08-02,2025-03-09,218284.42,Pendente,197450.35
37864,74300,85525,2,2023-10-05,2025-02-10,393526.54,Ativo,341681.5
95740,85399,18593,4,2023-04-21,2026-10-02,394145.92,Pendente,239201.94
53548,87559,71795,3,2023-03-07,2026-06-17,160191.07,Encerrado,135262.77
88975,84170,22263,1,2023-09-15,2026-02-08,151496.78,Ativo,46839.15
99353,43454,99343,1,2023-12-05,2026-09-21,393398.54,Encerrado,343277.47
10035,68382,51622,1,2023-10-25,2026-03-23,179553.96,Pendente,145557.95
10923,2266,39691,1,2024-02-26,2025-09-24,142456.18,Pendente,136355.02
60630,22606,1404,5,2024-12-12,2025-05-07,406620.11,Pendente,210892.56
16702,63988,91371,5,2023-06-26,2026-05-26,445867.93,Ativo,290483.6
75267,77433,5574,3,2024-08-14,2026-10-07,271055.14,Encerrado,225213.57
91638,31747,15518,3,2023-02-19,2026-01-19,397559.63,Encerrado,243150.24
68632,68723,39461,5,2024-11-15,2027-01-27,483967.15,Ativo,326055.82
39204,91850,89838,3,2023-11-27,2025-09-05,307666.98,Ativo,108425.09
80649,35678,34953,4,2024-04-13,2026-04-14,274384.87,Pendente,243429.91
29505,97767,48576,5,2023-02-02,2025-11-01,239985.94,Encerrado,164617.3
58677,74339,74970,5,2023-03-02,2025-07-10,456495.8,Pendente,59392.87
84707,48429,25266,3,2023-08-26,2025-03-02,113304.56,Pendente,14353.8
39886,81397,85955,5,2024-12-13,2026-12-05,394106.02,Ativo,103717.31
76639,26397,42115,3,2023-07-11,2025-04-27,282239.64,Ativo,150016.58
87344,11602,33371,4,2024-12-05,2026-04-15,199948.53,Ativo,133530.17
72213,22771,63553,2,2023-09-02,2025-11-30,75848.84,Pendente,38869.15
75625,40696,99455,4,2024-12-29,2027-01-13,356528.05,Encerrado,47322.02
75950,18740,40016,2,2024-01-23,2026-06-12,298613.64,Pendente,70650.15
41380,26512,93172,4,2023-03-05,2025-08-15,226271.26,Encerrado,70784.6
28564,39046,48087,2,2024-12-28,2025-05-03,120877.91,Ativo,63449.94
23921,80493,40179,1,2024-04-25,2026-07-15,471626.85,Encerrado,235224.83
12696,45463,79448,5,2024-04-13,2025-10-28,167118.23,Ativo,98636.89
36403,85991,69696,5,2023-02-09,2026-01-15,319605.24,Ativo,230856.46
88244,57359,91987,2,2024-09-21,2025-07-10,458241.68,Ativo,404727.78
55576,43009,10221,5,2023-03-11,2025-05-18,253028.1,Encerrado,201177.77
67256,4243,88525,3,2024-04-10,2026-01-16,106506.23,Ativo,29933.94
18732,65869,10919,3,2024-08-09,2026-10-03,257667.82,Pendente,106995.37
82032,91961,21074,5,2023-08-04,2025-03-02,479378.4,Encerrado,297573.95
57693,5363,55340,3,2024-01-17,2025-06-13,126369.42,Encerrado,117543.69
46651,74035,34251,3,2023-09-30,2026-09-29,417536.03,Pendente,374361.3
42089,2946,33069,5,2024-05-29,2026-01-11,365464.02,Ativo,77402.84
50860,92888,27441,4,2023-03-11,2025-09-12,364240.04,Encerrado,359561.23
29147,88558,86804,5,2024-12-01,2025-02-15,222832.75,Encerrado,71918.13
83108,4480,17226,2,2023-08-11,2026-05-08,183260.44,Pendente,46359.68
32521,63986,78434,4,2023-11-05,2026-12-25,398667.29,Ativo,335679.52
61309,83199,71682,5,2024-10-07,2026-04-28,307802.31,Encerrado,190665.74
55848,50830,78434,5,2023-10-16,2026-02-18,481388.9,Encerrado,415697.34
63380,61967,11796,3,2024-09-23,2026-11-02,147673.28,Ativo,103676.59
56872,93968,57977,5,2024-02-19,2026-12-11,186853.71,Encerrado,86609.57
37895,79097,53445,1,2024-02-14,2025-07-02,61818.67,Ativo,38331.68
88685,79734,50789,5,2023-11-13,2025-03-31,371711.33,Encerrado,49496.8
33135,97860,98776,1,2023-03-22,2025-12-19,182635.25,Encerrado,121417.05
53918,58043,55112,2,2023-05-19,2025-07-12,495749.05,Encerrado,183737.03
45046,7593,66875,1,2023-06-20,2025-05-03,404091.18,Pendente,403891.96
42856,86272,84793,4,2024-01-05,2026-06-17,320178.57,Ativo,226343.95
63799,47511,11313,2,2024-01-13,2026-07-13,33429.76,Encerrado,13147.28
47498,71306,50690,2,2023-03-09,2025-05-20,55632.58,Encerrado,21791.53
52106,69234,52555,2,2024-12-21,2026-02-09,349595.52,Ativo,182580.95
82031,47199,53310,5,2023-08-21,2025-07-18,490419.64,Ativo,371641.36
77766,69651,86245,2,2023-03-28,2025-12-16,27234.16,Pendente,16379.07
55053,90651,62993,4,2024-03-24,2026-02-08,199186.9,Encerrado,82616.71
29257,86127,55563,1,2025-01-04,2026-05-30,15053.17,Encerrado,2087.89
54026,10406,76422,5,2024-10-02,2026-02-16,222647.65,Ativo,53966.95
42570,52507,14490,5,2023-12-09,2026-02-19,361480.15,Encerrado,77168.1
93933,31611,5645,5,2024-01-10,2025-05-22,376668.86,Encerrado,61391.77
70856,42472,7274,3,2024-11-19,2026-09-14,400083.61,Pendente,202457.97
30247,64315,95917,2,2025-01-14,2025-10-04,379669.31,Pendente,341197.91
27037,42818,39644,3,2023-10-02,2026-12-03,23027.89,Ativo,19180.3
17463,12731,9794,5,2024-08-09,2025-06-15,341259.16,Encerrado,193925.82
99244,85916,89838,4,2024-04-07,2026-06-01,173892.34,Ativo,42635.98
15778,76697,62203,3,2024-09-19,2025-06-21,246909.69,Ativo,209331.37
23028,1168,76677,5,2023-06-24,2026-11-14,402242.99,Encerrado,280762.53
25912,81183,84990,1,2023-02-23,2026-09-13,389871.76,Encerrado,85715.18
47959,51296,77827,5,2023-11-09,2026-04-15,221836.21,Ativo,64057.09
72173,14484,64710,3,2023-11-12,2025-06-27,396439.82,Ativo,332898.23
88253,6598,27329,4,2024-08-21,2025-11-17,224917.74,Pendente,81554.11
67021,65086,18881,4,2023-08-25,2025-02-25,379144.21,Ativo,135601.92
78257,15729,5155,5,2024-07-30,2025-05-28,311894.8,Encerrado,176770.47
39398,15034,75383,1,2024-11-25,2026-04-08,24835.28,Encerrado,15990.12
61450,68941,54337,5,2024-07-18,2026-11-09,128156.28,Encerrado,34541.23
69001,50917,2740,5,2023-05-29,2026-12-21,133942.63,Encerrado,35241.2
79645,90221,58301,1,2024-06-09,2026-06-01,141489.48,Encerrado,115557.61
39781,26703,12909,3,2023-08-16,2026-09-22,47744.38,Encerrado,6011.19
31519,49134,90310,2,2024-05-22,2026-04-29,377973.87,Ativo,193592.44
61358,94125,40000,5,2023-06-11,2026-08-30,452277.09,Pendente,241824.44
63608,21411,83359,1,2024-12-31,2026-12-07,349230.07,Encerrado,150844.8
61716,71624,57824,4,2025-01-26,2026-01-08,216931.75,Pendente,126477.05
51390,5490,85507,5,2023-08-25,2026-03-04,276156.29,Pendente,182967.25
32097,36956,11220,5,2024-11-04,2026-02-22,225269.43,Ativo,49505.99
65190,76852,22265,2,2024-08-25,2026-04-26,395984.7,Pendente,112693.21
82286,28458,81463,4,2024-04-14,2026-08-24,184055.28,Ativo,79999.13
37836,48779,67404,3,2024-04-02,2025-02-02,378109.09,Pendente,358158.52
65100,45359,67815,3,2024-09-08,2027-01-15,251435.18,Pendente,181680.59
12913,92950,82782,1,2024-01-03,2025-10-14,257800.93,Ativo,143659.64
64499,79748,16313,3,2023-04-03,2026-12-09,351341.3,Ativo,323932.32
64312,31521,21448,1,2025-01-26,2025-08-06,372000.42,Pendente,239932.71
75968,51820,98865,3,2023-07-28,2026-11-22,259954.81,Ativo,106113.97
18707,24264,12868,2,2023-09-20,2026-05-31,14845.56,Encerrado,3311.74
90011,12182,22265,2,2024-06-02,2025-07-01,287748.46,Encerrado,30805.09
58867,11880,10473,1,2023-10-17,2026-05-20,274360.61,Encerrado,209984.31
76227,66329,72978,5,2025-01-01,2025-02-23,413281.83,Pendente,400939.78
42962,92861,18192,5,2023-03-23,2025-02-26,170096.44,Pendente,86254.05
94683,16833,79009,5,2023-06-25,2025-01-31,480069.97,Encerrado,286018.47
49319,33521,81067,1,2024-02-07,2026-11-19,220976.0,Ativo,28692.14
73508,65685,55476,1,2024-08-18,2026-03-27,209587.66,Ativo,184083.03
56294,83029,22061,3,2023-11-05,2026-11-11,23325.37,Encerrado,22320.44
27406,22324,75428,3,2024-05-31,2025-10-13,209285.34,Encerrado,121508.69
40445,11470,11425,3,2024-08-07,2025-06-13,102260.52,Encerrado,17833.05
22132,97692,6756,4,2025-01-04,2025-10-28,150314.4,Ativo,50041.36
22582,29915,15305,4,2023-09-12,2025-06-01,468826.35,Ativo,352314.83
80004,69686,12730,3,2023-04-29,2026-07-22,195091.27,Pendente,116739.42
21908,60187,78461,1,2023-02-17,2025-09-26,211954.13,Encerrado,163644.04
77814,75777,81382,2,2023-05-26,2025-03-21,164026.06,Pendente,107495.14
54842,32317,13834,4,2023-06-28,2026-09-27,94506.79,Ativo,73208.19
26344,89886,57285,1,2024-11-18,2026-03-23,163215.12,Encerrado,26903.79
96586,35574,54462,4,2023-05-27,2026-11-30,249916.67,Pendente,140043.87
40542,27732,63070,1,2024-06-20,2026-01-10,211697.9,Pendente,89390.87
55036,56405,95784,5,2023-09-17,2026-04-23,450851.58,Ativo,184320.02
